{
  "version": 1,
  "author": "GUILHERME HENRIQUE BERNARDI",
  "editor": "wokwi",
  "parts": [
    { "type": "board-esp32-devkit-c-v4", "id": "esp", "top": 0, "left": 0, "attrs": {} },
    {
      "type": "wokwi-led",
      "id": "led2",
      "top": 102,
      "left": 138.2,
      "attrs": { "color": "yellow" }
    },
    {
      "type": "wokwi-led",
      "id": "led3",
      "top": 44.4,
      "left": 138.2,
      "attrs": { "color": "green" }
    },
    {
      "type": "wokwi-resistor",
      "id": "r2",
      "top": -24.85,
      "left": 19.2,
      "attrs": { "value": "220" }
    },
    {
      "type": "wokwi-resistor",
      "id": "r3",
      "top": -44.05,
      "left": 19.2,
      "attrs": { "value": "220" }
    },
    {
      "type": "wokwi-potentiometer",
      "id": "pot1",
      "top": 29.8,
      "left": -183.7,
      "rotate": 270,
      "attrs": {}
    },
    {
      "type": "wokwi-potentiometer",
      "id": "pot2",
      "top": 125.8,
      "left": -183.7,
      "rotate": 270,
      "attrs": {}
    },
    { "type": "wokwi-slide-switch", "id": "sw1", "top": 254, "left": 31.9, "attrs": {} },
    {
      "type": "wokwi-resistor",
      "id": "r1",
      "top": -63.25,
      "left": 19.2,
      "attrs": { "value": "220" }
    },
    {
      "type": "wokwi-led",
      "id": "led1",
      "top": 159.6,
      "left": 138.2,
      "attrs": { "color": "red" }
    }
  ],
  "connections": [
    [ "esp:TX", "$serialMonitor:RX", "", [] ],
    [ "esp:RX", "$serialMonitor:TX", "", [] ],
    [ "r2:1", "esp:GND.1", "green", [ "v0", "h-38.4", "v28.8" ] ],
    [ "r3:1", "esp:GND.1", "green", [ "v0", "h-57.6", "v192" ] ],
    [ "r1:1", "esp:GND.1", "green", [ "v0", "h-76.8", "v211.2" ] ],
    [ "pot1:VCC", "esp:5V", "red", [ "h46.9", "v147.1" ] ],
    [ "pot1:SIG", "esp:34", "blue", [ "h0" ] ],
    [ "pot2:VCC", "esp:5V", "red", [ "h38.4", "v39.2", "h67.2", "v9.6" ] ],
    [ "pot2:SIG", "esp:35", "blue", [ "h105.6", "v-86" ] ],
    [ "pot2:GND", "esp:GND.3", "black", [ "h28.8", "v48", "h211.2", "v-134.4" ] ],
    [ "pot1:GND", "esp:GND.2", "black", [ "h28.8", "v-86.4", "h201.6", "v38.4" ] ],
    [ "sw1:1", "esp:5V", "green", [ "v0", "h-38.4" ] ],
    [ "sw1:3", "esp:GND.3", "violet", [ "v0", "h57.8", "v-201.6" ] ],
    [ "sw1:2", "esp:12", "#8f4814", [ "v9.6", "h-57.5", "v-153.6" ] ],
    [ "led3:A", "esp:5", "green", [ "v9.6", "h-48", "v9.6" ] ],
    [ "led3:C", "r2:2", "green", [ "v0", "h-18.8", "v-105.6" ] ],
    [ "led2:A", "esp:4", "green", [ "v9.6", "h-48", "v-9.6" ] ],
    [ "led2:C", "r3:2", "green", [ "v0", "h-18.8", "v-182.4" ] ],
    [ "led1:A", "esp:2", "green", [ "v9.6", "h-48", "v-48" ] ],
    [ "led1:C", "r1:2", "green", [ "v0", "h-18.8", "v-259.2" ] ]
  ],
  "dependencies": {}
}